p_loss,p_gain,net_mean,net_std,net_p05,net_p95
0.8128,0.1872,-163.68025399715836,182.70092287912186,-470.4833850242863,131.93768029003016
