Feature,Importance
integration_progress,0.05793549329670476
deal_size,0.0895065611208149
competitor_present,0.09232808572654
reg_growth,0.1557866287640216
ai_parity,0.29239868395676427
win_rate,0.31204454713515445
